City_ID,City,Country,Date,Lat,Lng,Max Temp,Humidity,Cloudiness,Wind Speed
0,Myanaung,MM,2022-01-27 22:38:12,18.2833,95.3167,64.17,68,22,3.69
1,Bathsheba,BB,2022-01-27 22:38:12,13.2167,-59.5167,77.61,69,20,10.36
2,Hithadhoo,MV,2022-01-27 22:38:13,-0.6,73.0833,81.1,69,79,15.01
3,Saint Anthony,US,2022-01-27 22:38:13,45.0205,-93.218,22.93,49,0,11.5
4,Ushuaia,AR,2022-01-27 22:33:50,-54.8,-68.3,51.46,71,75,14.97
5,Ust-Omchug,RU,2022-01-27 22:38:14,61.15,149.6333,-9.76,99,100,9.71
6,Bambous Virieux,MU,2022-01-27 22:38:14,-20.3428,57.7575,75.45,78,20,3.44
7,Kavieng,PG,2022-01-27 22:38:15,-2.5744,150.7967,84.83,67,69,7.14
8,Atuona,PF,2022-01-27 22:38:15,-9.8,-139.0333,78.33,78,2,17.9
9,Bluff,NZ,2022-01-27 22:38:15,-46.6,168.3333,62.8,57,70,4.27
10,Butaritari,KI,2022-01-27 22:38:16,3.0707,172.7902,82.24,77,31,16.13
11,Dingle,PH,2022-01-27 22:38:16,10.9995,122.6711,76.1,92,73,5.82
12,Narsaq,GL,2022-01-27 22:38:17,60.9167,-46.05,19.62,93,21,6.38
13,Enid,US,2022-01-27 22:38:17,36.3956,-97.8784,47.43,54,0,13.8
14,Trincomalee,LK,2022-01-27 22:38:17,8.5711,81.2335,79.09,71,100,11.88
15,Kankan,GN,2022-01-27 22:38:18,10.3854,-9.3057,76.91,17,54,3.71
16,Vaini,TO,2022-01-27 22:38:18,-21.2,-175.2,82.81,77,92,15.64
17,Kropotkin,RU,2022-01-27 22:38:18,45.4375,40.5756,19.33,97,50,4.65
18,Flin Flon,CA,2022-01-27 22:38:19,54.7682,-101.865,1.24,60,75,5.75
19,Mataura,NZ,2022-01-27 22:38:19,-46.1927,168.8643,62.47,35,52,1.34
20,Taoudenni,ML,2022-01-27 22:38:19,22.6783,-3.9836,70.34,16,100,13.35
21,Dharangaon,IN,2022-01-27 22:38:20,21.0167,75.2667,55.98,37,0,5.1
22,Sao Filipe,CV,2022-01-27 22:38:20,14.8961,-24.4956,72.27,72,100,11.03
23,Tiznit,MA,2022-01-27 22:38:20,29.5833,-9.5,54.0,48,98,7.43
24,Saint-Philippe,RE,2022-01-27 22:38:21,-21.3585,55.7679,72.99,82,68,6.44
25,Bara,NG,2022-01-27 22:38:21,10.3744,10.7288,68.9,33,34,11.83
26,Ous,RU,2022-01-27 22:38:22,60.9058,61.5186,2.73,94,87,4.83
27,Presidente Epitacio,BR,2022-01-27 22:38:22,-21.7633,-52.1156,77.34,81,96,2.8
28,Tuatapere,NZ,2022-01-27 22:38:22,-46.1333,167.6833,62.82,42,78,2.75
29,Pevek,RU,2022-01-27 22:38:23,69.7008,170.3133,-27.96,99,23,3.27
30,Mount Gambier,AU,2022-01-27 22:38:23,-37.8333,140.7667,66.11,82,100,6.91
31,Haines Junction,CA,2022-01-27 22:38:23,60.7522,-137.5108,19.35,79,100,3.44
32,Bud,US,2022-01-27 22:38:24,39.447,-86.1758,34.25,80,100,8.63
33,Aasiaat,GL,2022-01-27 22:38:24,68.7098,-52.8699,-2.27,95,99,11.81
34,Saint George,US,2022-01-27 22:36:05,37.1041,-113.5841,59.47,15,0,1.99
35,Port Elizabeth,ZA,2022-01-27 22:38:24,-33.918,25.5701,68.09,94,0,9.22
36,Guerrero Negro,MX,2022-01-27 22:38:25,27.9769,-114.0611,71.31,28,62,9.28
37,Tuktoyaktuk,CA,2022-01-27 22:38:25,69.4541,-133.0374,-20.2,76,20,9.22
38,Umm Kaddadah,SD,2022-01-27 22:38:26,13.6017,26.6876,54.93,18,52,18.19
39,Belaya Gora,RU,2022-01-27 22:38:26,68.5333,146.4167,-41.51,100,42,3.4
40,Nouadhibou,MR,2022-01-27 22:38:26,20.931,-17.0347,64.38,77,100,16.11
41,Bredasdorp,ZA,2022-01-27 22:38:27,-34.5322,20.0403,67.32,73,4,6.91
42,Lavrentiya,RU,2022-01-27 22:38:27,65.5833,-171.0,-12.12,88,39,2.57
43,Port Alfred,ZA,2022-01-27 22:38:27,-33.5906,26.891,71.92,88,61,13.62
44,Mattoon,US,2022-01-27 22:38:28,39.4831,-88.3728,35.65,74,100,4.61
45,Punta Arenas,CL,2022-01-27 22:38:06,-53.15,-70.9167,57.31,67,0,10.36
46,Birao,CF,2022-01-27 22:39:28,10.2849,22.7882,70.0,17,87,10.67
47,Saucillo,MX,2022-01-27 22:39:29,28.0167,-105.2833,70.72,13,74,1.34
48,Canutama,BR,2022-01-27 22:39:29,-6.5339,-64.3831,76.24,96,88,1.7
49,Parambu,BR,2022-01-27 22:39:29,-6.2111,-40.6944,71.29,87,100,4.76
50,Port Hardy,CA,2022-01-27 22:39:30,50.6996,-127.4199,50.18,53,0,6.91
51,Dakar,SN,2022-01-27 22:39:30,14.6937,-17.4441,69.93,78,0,18.41
52,Gloversville,US,2022-01-27 22:39:31,43.0528,-74.3438,24.94,49,40,6.91
53,Saskylakh,RU,2022-01-27 22:39:31,71.9167,114.0833,2.61,86,69,13.69
54,Cabo San Lucas,MX,2022-01-27 22:35:51,22.8909,-109.9124,77.5,51,40,4.0
55,Dikson,RU,2022-01-27 22:39:32,73.5069,80.5464,1.24,95,100,26.53
56,Kawalu,ID,2022-01-27 22:39:32,-7.3817,108.2082,72.55,94,100,1.54
57,Yellowknife,CA,2022-01-27 22:34:45,62.456,-114.3525,0.12,85,75,0.0
58,Puerto Ayora,EC,2022-01-27 22:39:32,-0.7393,-90.3518,84.16,78,98,6.87
59,Husavik,IS,2022-01-27 22:39:33,66.0449,-17.3389,35.51,81,100,14.9
60,Cape Town,ZA,2022-01-27 22:36:33,-33.9258,18.4232,67.08,70,20,16.11
61,Smithers,CA,2022-01-27 22:39:33,54.7804,-127.1743,23.32,86,20,6.91
62,Glushkovo,RU,2022-01-27 22:39:34,51.3392,34.6328,19.31,95,98,11.39
63,Albany,US,2022-01-27 22:38:26,42.6001,-73.9662,24.46,52,85,5.1
64,Thompson,CA,2022-01-27 22:37:13,55.7435,-97.8558,-7.44,64,75,8.05
65,Torbay,CA,2022-01-27 22:39:34,47.6666,-52.7314,22.57,89,100,11.5
66,Bengkulu,ID,2022-01-27 22:39:35,-3.8004,102.2655,75.9,88,99,3.56
67,Umm Lajj,SA,2022-01-27 22:39:35,25.0213,37.2685,59.85,47,63,15.21
68,Tiksi,RU,2022-01-27 22:39:35,71.6872,128.8694,-14.15,97,32,10.4
69,East London,ZA,2022-01-27 22:39:36,-33.0153,27.9116,73.6,90,8,13.78
70,Atar,MR,2022-01-27 22:39:36,20.5169,-13.0499,66.87,34,99,7.27
71,Hermanus,ZA,2022-01-27 22:39:36,-34.4187,19.2345,65.89,82,21,3.76
72,Srivardhan,IN,2022-01-27 22:39:37,18.0333,73.0167,69.42,48,0,7.38
73,Kutum,SD,2022-01-27 22:39:37,14.2,24.6667,50.29,24,64,9.98
74,Banikoara,BJ,2022-01-27 22:39:37,11.2985,2.4386,72.27,19,5,5.68
75,Maniitsoq,GL,2022-01-27 22:39:38,65.4167,-52.9,4.51,84,100,15.88
76,Datong,CN,2022-01-27 22:35:28,40.0936,113.2914,13.23,52,26,2.95
77,Khatanga,RU,2022-01-27 22:39:38,71.9667,102.5,6.37,80,99,17.74
78,Busselton,AU,2022-01-27 22:39:39,-33.65,115.3333,56.05,75,0,10.42
79,Chuy,UY,2022-01-27 22:39:39,-33.6971,-53.4616,66.65,64,69,8.72
80,Arlit,NE,2022-01-27 22:39:39,18.7369,7.3853,60.24,24,43,7.2
81,Port Lincoln,AU,2022-01-27 22:39:40,-34.7333,135.8667,69.76,73,16,7.96
82,Luderitz,NA,2022-01-27 22:34:47,-26.6481,15.1594,67.75,75,0,21.94
83,Kenai,US,2022-01-27 22:39:40,60.5544,-151.2583,28.15,93,100,18.41
84,New Norfolk,AU,2022-01-27 22:39:41,-42.7826,147.0587,84.65,51,34,3.0
85,Novyy Urengoy,RU,2022-01-27 22:39:41,66.0833,76.6333,5.09,93,100,16.08
86,Darhan,MN,2022-01-27 22:39:41,49.4867,105.9228,-14.93,99,37,1.52
87,Rikitea,PF,2022-01-27 22:39:42,-23.1203,-134.9692,78.78,76,94,17.49
88,Meulaboh,ID,2022-01-27 22:39:42,4.1363,96.1285,75.69,91,82,3.89
89,Mareeba,AU,2022-01-27 22:39:42,-17.0,145.4333,78.44,92,100,2.48
90,Wana,PK,2022-01-27 22:39:43,32.2989,69.5725,39.45,37,1,3.0
91,Sitka,US,2022-01-27 22:40:43,57.0531,-135.33,46.29,61,100,16.11
92,Faanui,PF,2022-01-27 22:40:44,-16.4833,-151.75,81.18,76,36,15.08
93,Coahuayana,MX,2022-01-27 22:40:44,18.7333,-103.6833,90.88,51,65,5.91
94,Salalah,OM,2022-01-27 22:40:44,17.0151,54.0924,73.49,68,75,5.75
95,Hobart,AU,2022-01-27 22:40:18,-42.8794,147.3294,85.01,59,0,1.01
96,Kahului,US,2022-01-27 22:39:20,20.8947,-156.47,82.42,62,20,6.91
97,Nsanje,MW,2022-01-27 22:40:45,-16.92,35.262,74.57,98,100,3.11
98,Arraial Do Cabo,BR,2022-01-27 22:40:45,-22.9661,-42.0278,80.56,73,0,13.8
99,Lebu,CL,2022-01-27 22:40:46,-37.6167,-73.65,64.06,82,5,7.25
100,Hornepayne,CA,2022-01-27 22:40:46,49.2138,-84.7705,-4.23,88,100,9.17
101,Cidreira,BR,2022-01-27 22:40:47,-30.1811,-50.2056,72.52,61,76,13.24
102,Dabrowa Tarnowska,PL,2022-01-27 22:40:47,50.1746,20.9863,38.53,94,100,17.43
103,Yumen,CN,2022-01-27 22:40:47,40.2833,97.2,18.03,43,6,8.01
104,Cherskiy,RU,2022-01-27 22:40:48,68.75,161.3,-37.32,96,36,2.53
105,Henties Bay,NA,2022-01-27 22:40:48,-22.116,14.2845,65.86,88,51,10.65
106,Geraldton,AU,2022-01-27 22:40:48,-28.7667,114.6,74.12,56,0,9.22
107,Nikolskoye,RU,2022-01-27 22:40:49,59.7035,30.7861,31.87,96,100,8.37
108,Qaqortoq,GL,2022-01-27 22:40:49,60.7167,-46.0333,19.9,90,16,3.87
109,Norman Wells,CA,2022-01-27 22:40:49,65.282,-126.8329,-0.36,78,100,5.75
110,Aksarka,RU,2022-01-27 22:40:50,66.5606,67.7975,-7.02,100,97,3.89
111,Kaitangata,NZ,2022-01-27 22:40:50,-46.2817,169.8464,59.94,60,50,4.99
112,Somotillo,NI,2022-01-27 22:40:51,13.0433,-86.9064,93.52,19,10,13.51
113,Naryan-Mar,RU,2022-01-27 22:40:51,67.6713,53.087,5.95,95,96,12.46
114,Lai,TD,2022-01-27 22:40:51,9.3952,16.2989,76.14,21,100,8.79
115,Balkhash,KZ,2022-01-27 22:40:52,46.844,74.9804,2.17,85,5,11.16
116,Bagdarin,RU,2022-01-27 22:40:52,54.4333,113.6,-16.33,96,31,4.09
117,Ribeira Grande,PT,2022-01-27 22:40:52,38.5167,-28.7,60.17,74,13,13.98
118,Safaga,EG,2022-01-27 22:40:53,26.7292,33.9365,51.75,53,0,13.04
119,Leningradskiy,RU,2022-01-27 22:40:53,69.3833,178.4167,-16.96,94,46,1.61
120,Opportunity,US,2022-01-27 22:40:53,47.6499,-117.2399,39.9,71,0,1.99
121,Carnarvon,AU,2022-01-27 22:40:54,-24.8667,113.6333,71.67,83,8,3.44
122,Damara,CF,2022-01-27 22:40:54,4.9608,18.7035,78.22,22,85,4.43
123,Georgetown,MY,2022-01-27 22:36:57,5.4112,100.3354,79.9,90,20,0.0
124,Pyinmana,MM,2022-01-27 22:40:55,19.7333,96.2167,61.27,62,5,2.8
125,Praya,CV,2022-01-27 22:40:55,14.9215,-23.5087,70.34,68,75,21.85
126,Pinsk,BY,2022-01-27 22:40:55,52.1229,26.0951,32.95,97,100,16.62
127,Kaeo,NZ,2022-01-27 22:40:56,-35.1,173.7833,74.32,69,72,15.23
128,Muros,ES,2022-01-27 22:40:56,42.7762,-9.0603,49.84,77,1,10.09
129,Tonj,SS,2022-01-27 22:40:56,7.2737,28.6822,73.87,22,67,5.55
130,Clyde River,CA,2022-01-27 22:40:57,70.4692,-68.5914,-5.57,77,100,24.16
131,Sola,VU,2022-01-27 22:40:57,-13.8833,167.55,81.72,77,99,18.07
132,Havoysund,NO,2022-01-27 22:40:58,70.9963,24.6622,23.88,92,100,2.68
133,Lompoc,US,2022-01-27 22:38:23,34.6391,-120.4579,71.42,48,0,8.05
134,Jalu,LY,2022-01-27 22:40:58,29.0331,21.5482,50.76,71,70,8.52
135,Sigulda,LV,2022-01-27 22:40:58,57.1519,24.8647,36.32,98,100,7.0
136,Hvolsvollur,IS,2022-01-27 22:40:59,63.7533,-20.2243,35.82,95,100,18.77
137,Jamestown,US,2022-01-27 22:38:57,42.097,-79.2353,27.09,61,100,5.99
138,Alofi,NU,2022-01-27 22:41:59,-19.0595,-169.9187,82.29,74,75,13.8
139,Bethel,US,2022-01-27 22:42:00,41.3712,-73.414,29.48,63,0,9.22
140,Fort Nelson,CA,2022-01-27 22:41:15,58.8053,-122.7002,20.79,100,100,3.44
141,Moose Factory,CA,2022-01-27 22:38:25,51.2585,-80.6094,-5.8,59,40,9.22
142,Brae,GB,2022-01-27 22:42:00,60.3964,-1.353,40.91,66,51,9.55
143,Farah,AF,2022-01-27 22:42:01,32.5,62.5,44.01,35,74,2.66
144,Avarua,CK,2022-01-27 22:42:01,-21.2078,-159.775,82.45,83,40,14.97
145,George,ZA,2022-01-27 22:42:01,-33.963,22.4617,65.75,94,100,3.44
146,Ponta Do Sol,PT,2022-01-27 22:42:02,32.6667,-17.1,59.63,74,48,4.85
147,Mayumba,GA,2022-01-27 22:42:02,-3.432,10.6554,76.19,89,54,2.28
148,Sept-Iles,CA,2022-01-27 22:42:02,50.2001,-66.3821,12.06,73,75,5.01
149,Koson,UZ,2022-01-27 22:42:03,39.0375,65.585,52.12,24,100,5.93
150,Moncagua,SV,2022-01-27 22:42:03,13.5333,-88.25,97.09,23,0,4.61
151,Severo-Kurilsk,RU,2022-01-27 22:42:03,50.6789,156.125,24.93,80,96,37.74
152,Sao Sebastiao,BR,2022-01-27 22:42:04,-23.76,-45.4097,77.02,87,96,3.38
153,Lasa,IT,2022-01-27 22:42:04,46.6166,10.7002,44.06,52,31,7.56
154,Junagarh,IN,2022-01-27 22:42:05,19.8667,82.9333,52.07,54,12,1.07
155,Porbandar,IN,2022-01-27 22:42:05,21.6422,69.6093,61.81,44,0,12.71
156,Talara,PE,2022-01-27 22:42:05,-4.5772,-81.2719,72.88,82,48,9.46
157,Mahebourg,MU,2022-01-27 22:42:06,-20.4081,57.7,75.49,78,20,3.44
158,Lazaro Cardenas,MX,2022-01-27 22:42:06,17.9583,-102.2,81.97,59,61,9.4
159,Bagn,NO,2022-01-27 22:42:06,60.8225,9.5521,30.92,64,75,10.42
160,Fairbanks,US,2022-01-27 22:38:31,64.8378,-147.7164,-5.4,75,75,0.0
161,Lumeje,AO,2022-01-27 22:42:07,-11.55,20.7833,64.94,95,100,4.9
162,Nampula,MZ,2022-01-27 22:42:08,-15.1165,39.2666,71.55,100,75,6.91
163,Rio Gallegos,AR,2022-01-27 22:42:08,-51.6226,-69.2181,69.85,37,20,8.05
164,Ikom,NG,2022-01-27 22:42:08,5.9667,8.7063,77.47,42,80,1.86
165,Sangin,AF,2022-01-27 22:42:09,32.0728,64.8359,44.06,34,22,8.37
166,Isangel,VU,2022-01-27 22:42:09,-19.55,169.2667,86.11,79,75,6.91
167,Qaanaaq,GL,2022-01-27 22:42:09,77.484,-69.3632,-9.27,71,34,7.76
168,Kodiak,US,2022-01-27 22:42:10,57.79,-152.4072,36.91,87,100,11.5
169,Tasiilaq,GL,2022-01-27 22:42:10,65.6145,-37.6368,19.56,95,100,3.85
170,Dong Xoai,VN,2022-01-27 22:42:10,11.5333,106.9167,66.09,79,58,2.71
171,Sao Joao Da Barra,BR,2022-01-27 22:42:11,-21.6403,-41.0511,76.32,89,4,16.69
172,Milkovo,RU,2022-01-27 22:42:11,54.7167,158.6167,14.05,95,100,0.16
173,Mar Del Plata,AR,2022-01-27 22:39:07,-38.0023,-57.5575,62.87,73,20,7.0
174,Vanavara,RU,2022-01-27 22:42:12,60.34,102.2797,-13.94,100,100,2.33
175,Ugoofaaru,MV,2022-01-27 22:42:12,5.6667,73.0,79.16,57,29,9.06
176,Komsomolskiy,UZ,2022-01-27 22:42:12,40.4272,71.7189,27.82,63,51,2.3
177,Tabas,IR,2022-01-27 22:42:13,33.5959,56.9244,56.32,41,67,6.11
178,Esperance,AU,2022-01-27 22:41:00,-33.8667,121.9,64.24,66,54,11.18
179,Linjiang,CN,2022-01-27 22:42:13,41.8069,126.9078,-1.79,100,68,1.03
180,Almendralejo,ES,2022-01-27 22:42:14,38.6832,-6.4075,47.26,73,20,4.0
181,Duzce,TR,2022-01-27 22:40:42,40.8389,31.1639,23.29,93,70,5.66
182,Semnan,IR,2022-01-27 22:42:14,35.5729,53.3971,35.44,93,0,2.3
183,Ouadda,CF,2022-01-27 22:42:15,8.0777,22.4007,70.7,20,92,8.41
184,Raga,SS,2022-01-27 22:42:15,8.4596,25.678,67.55,23,95,4.63
185,Makakilo City,US,2022-01-27 22:43:15,21.3469,-158.0858,79.61,53,20,8.05
186,Dubrovka,RU,2022-01-27 22:43:16,53.6907,33.5071,21.18,95,99,12.93
187,Puerto Carreno,CO,2022-01-27 22:41:25,6.189,-67.4859,91.38,35,20,11.5
188,Taboshar,TJ,2022-01-27 22:43:16,40.5686,69.6413,28.72,24,88,14.65
189,Pangnirtung,CA,2022-01-27 22:43:16,66.1451,-65.7125,-13.0,58,100,8.05
190,Tura,IN,2022-01-27 22:43:17,25.5198,90.2201,48.04,65,0,2.28
191,Walvis Bay,NA,2022-01-27 22:43:17,-22.9575,14.5053,66.09,82,12,5.75
192,Cayenne,GF,2022-01-27 22:43:17,4.9333,-52.3333,75.24,88,0,0.0
193,Dharchula,IN,2022-01-27 22:43:18,29.85,80.5333,36.45,49,5,8.7
194,Lagoa,PT,2022-01-27 22:43:18,39.05,-27.9833,59.11,75,24,16.55
195,Vikulovo,RU,2022-01-27 22:43:19,56.8167,70.6107,1.38,99,67,6.26
196,Hilo,US,2022-01-27 22:43:19,19.7297,-155.09,80.33,60,0,11.5
197,Talnakh,RU,2022-01-27 22:43:20,69.4865,88.3972,4.21,93,100,15.95
198,Nieuw Amsterdam,SR,2022-01-27 22:43:20,5.8833,-55.0833,80.62,75,40,9.22
199,Blythe,US,2022-01-27 22:43:20,33.6103,-114.5964,70.25,11,0,13.8
200,Prince Rupert,CA,2022-01-27 22:43:21,54.3161,-130.3201,48.29,46,0,9.22
201,Medicine Hat,CA,2022-01-27 22:42:56,50.0501,-110.6683,46.11,62,75,5.01
202,Moorhead,US,2022-01-27 22:43:21,46.8739,-96.7676,3.22,66,0,16.11
203,Marzuq,YE,2022-01-27 22:43:21,14.4,46.4667,60.84,73,83,3.65
204,Provideniya,RU,2022-01-27 22:43:22,64.3833,-173.3,-3.64,65,0,6.71
205,Awjilah,LY,2022-01-27 22:43:22,29.1081,21.2869,51.69,68,68,7.18
206,Shingu,JP,2022-01-27 22:43:22,33.7333,135.9833,40.93,71,94,5.68
207,Los Llanos De Aridane,ES,2022-01-27 22:43:23,28.6585,-17.9182,56.12,76,75,4.0
208,Ancud,CL,2022-01-27 22:43:23,-41.8697,-73.8203,78.33,72,0,6.31
209,Hun,LY,2022-01-27 22:43:24,29.1268,15.9477,45.52,51,74,4.03
210,Villa Rica,US,2022-01-27 22:43:24,33.7321,-84.9191,52.54,48,10,2.89
211,Barrow,US,2022-01-27 22:43:24,71.2906,-156.7887,-14.78,76,0,11.5
212,Paragominas,BR,2022-01-27 22:43:25,-2.9667,-47.4833,71.78,99,100,3.09
213,Poli,TZ,2022-01-27 22:43:25,-3.3333,36.8,64.67,83,47,5.39
214,Matay,EG,2022-01-27 22:43:25,28.419,30.7792,46.18,66,4,5.75
215,Karratha,AU,2022-01-27 22:39:44,-20.7377,116.8463,78.44,71,5,13.15
216,Rocha,UY,2022-01-27 22:38:27,-34.4833,-54.3333,61.88,74,13,5.91
217,Vestmannaeyjar,IS,2022-01-27 22:43:26,63.4427,-20.2734,42.87,87,100,26.73
218,Talcahuano,CL,2022-01-27 22:43:26,-36.7167,-73.1167,62.28,82,100,10.36
219,Alekseyevsk,RU,2022-01-27 22:43:27,57.8406,108.3492,-16.71,100,96,1.12
220,Abdanan,IR,2022-01-27 22:43:27,32.9926,47.4198,38.48,66,1,2.77
221,Cuiluan,CN,2022-01-27 22:43:27,47.72,128.648,-9.45,99,94,3.8
222,Kruisfontein,ZA,2022-01-27 22:43:28,-34.0033,24.7314,65.88,88,100,5.99
223,Sarakhs,IR,2022-01-27 22:43:28,36.5449,61.1577,55.54,38,12,6.91
224,San Luis,AR,2022-01-27 22:43:28,-33.295,-66.3356,71.4,68,94,4.54
225,Calvinia,ZA,2022-01-27 22:43:29,-31.4707,19.776,69.51,35,0,5.91
226,Kismayo,SO,2022-01-27 22:43:29,-0.3582,42.5454,76.19,79,18,11.12
227,Springbok,ZA,2022-01-27 22:43:29,-29.6643,17.8865,65.75,50,0,5.35
228,Samarai,PG,2022-01-27 22:43:30,-10.6167,150.6667,81.88,75,100,6.26
229,Dekernes,EG,2022-01-27 22:43:30,31.0876,31.595,48.09,93,42,7.65
230,Vaitape,PF,2022-01-27 22:44:31,-16.5167,-151.75,81.19,76,37,15.03
231,Ereymentau,KZ,2022-01-27 22:44:31,51.6199,73.1033,0.77,82,65,4.74
232,Lorengau,PG,2022-01-27 22:44:31,-2.0226,147.2712,82.94,76,94,5.23
233,Frutal,BR,2022-01-27 22:44:32,-20.0247,-48.9406,76.1,78,90,5.75
234,Tilichiki,RU,2022-01-27 22:44:32,60.4667,166.1,26.37,81,100,32.44
235,Mezen,RU,2022-01-27 22:44:32,65.8522,44.24,9.93,95,100,7.07
236,Port-Cartier,CA,2022-01-27 22:44:33,50.0334,-66.8654,11.75,93,100,3.83
237,Bousso,TD,2022-01-27 22:44:33,10.4795,16.7117,73.89,19,92,9.78
238,Egvekinot,RU,2022-01-27 22:44:33,66.3167,-179.1667,-5.89,93,100,0.76
239,Klaksvik,FO,2022-01-27 22:44:34,62.2266,-6.589,41.92,71,97,21.05
240,Hinton,CA,2022-01-27 22:44:34,53.4001,-117.5857,32.04,74,44,8.01
241,Lukovetskiy,RU,2022-01-27 22:44:35,64.2956,41.9211,10.38,93,100,7.18
242,Hami,CN,2022-01-27 22:44:35,42.8,93.45,22.23,44,2,1.41
243,Bahraich,IN,2022-01-27 22:44:35,27.5833,81.6,48.22,81,0,7.47
244,Pangai,TO,2022-01-27 22:44:36,-19.8,-174.35,83.73,76,71,16.28
245,Banon,ES,2022-01-27 22:44:36,40.8382,-1.1909,34.86,75,0,4.61
246,Kerrville,US,2022-01-27 22:39:46,30.0474,-99.1403,58.87,62,100,1.01
247,Ucluelet,CA,2022-01-27 22:44:37,48.9329,-125.5528,49.08,78,23,1.99
248,Kapaa,US,2022-01-27 22:44:37,22.0752,-159.319,81.12,67,0,1.99
249,Eydhafushi,MV,2022-01-27 22:44:37,5.1033,73.0708,79.11,53,94,5.84
250,Gualeguay,AR,2022-01-27 22:44:38,-33.1416,-59.3097,67.48,55,83,11.5
251,Luanda,AO,2022-01-27 22:42:53,-8.8368,13.2343,78.13,84,100,9.26
252,Fortuna,US,2022-01-27 22:44:38,40.5982,-124.1573,62.85,68,0,1.99
253,Cockburn Town,TC,2022-01-27 22:44:39,21.4612,-71.1419,78.31,72,8,8.72
254,Ilulissat,GL,2022-01-27 22:44:39,69.2167,-51.1,8.62,72,75,16.11
255,Havre-Saint-Pierre,CA,2022-01-27 22:44:39,50.2334,-63.5986,16.39,73,100,12.66
256,Chokurdakh,RU,2022-01-27 22:44:40,70.6333,147.9167,-23.94,93,68,11.21
257,Baculin,PH,2022-01-27 22:44:40,7.4525,126.5842,78.1,85,73,4.83
258,Harnoli,PK,2022-01-27 22:44:40,32.2792,71.5539,50.5,38,0,5.37
259,Trinidad,BO,2022-01-27 22:44:41,-14.8333,-64.9,89.58,66,100,4.61
260,Harper,LR,2022-01-27 22:44:41,4.375,-7.7169,79.32,80,51,7.92
261,Baruun-Urt,MN,2022-01-27 22:44:41,46.6806,113.2792,-9.24,92,14,4.45
262,Dukat,RU,2022-01-27 22:44:42,62.55,155.55,-9.22,99,100,8.55
263,Smirnykh,RU,2022-01-27 22:44:42,49.75,142.8333,-2.07,89,90,2.82
264,Mayo,US,2022-01-27 22:44:43,38.8876,-76.5119,34.3,57,0,3.0
265,Hualmay,PE,2022-01-27 22:44:43,-11.0964,-77.6139,71.91,81,77,8.72
266,San Patricio,US,2022-01-27 22:44:43,28.017,-97.5169,65.08,60,100,8.75
267,Upernavik,GL,2022-01-27 22:44:44,72.7868,-56.1549,3.65,93,68,30.18
268,Montlucon,FR,2022-01-27 22:44:44,46.3333,2.6,29.68,97,22,1.01
269,Asau,RO,2022-01-27 22:44:44,46.4333,26.4,34.72,89,98,7.83
270,Dolores,AR,2022-01-27 22:44:45,-36.3132,-57.6792,61.39,62,8,9.46
271,Saint-Pierre,RE,2022-01-27 22:44:45,-21.3393,55.4781,73.08,73,100,4.61
272,Nyrob,RU,2022-01-27 22:44:45,60.733,56.7202,6.51,96,100,5.1
273,Yandyki,RU,2022-01-27 22:44:46,45.7691,47.1258,28.49,89,100,13.0
274,Castro,BR,2022-01-27 22:40:30,-24.7911,-50.0119,67.14,94,100,1.25
275,Giubiasco,CH,2022-01-27 22:45:46,46.1725,9.0079,45.55,36,17,8.37
276,Nikolayevsk-Na-Amure,RU,2022-01-27 22:45:47,53.1406,140.73,-19.8,99,91,3.42
277,Panjab,AF,2022-01-27 22:45:47,34.388,67.0233,18.25,82,98,1.45
278,Yekaterinoslavka,RU,2022-01-27 22:45:47,50.3734,129.1139,-1.5,97,100,7.2
279,Hadgaon,IN,2022-01-27 22:45:48,19.5,77.6667,55.53,37,1,7.05
280,Kovernino,RU,2022-01-27 22:45:48,57.1253,43.8142,3.78,98,100,6.71
281,Longyearbyen,SJ,2022-01-27 22:41:51,78.2186,15.6401,10.24,72,75,9.22
282,Kota Kinabalu,MY,2022-01-27 22:45:49,5.9749,116.0724,75.18,94,20,0.0
283,Mayna,RU,2022-01-27 22:45:49,54.1135,47.6231,8.1,98,93,6.38
284,Hay River,CA,2022-01-27 22:42:18,60.8156,-115.7999,10.38,79,75,4.61
285,Partizanskoye,RU,2022-01-27 22:45:50,55.5006,94.39,-4.22,100,100,0.13
286,Vardo,NO,2022-01-27 22:45:50,70.3705,31.1107,19.6,91,100,9.82
287,Labuhan,ID,2022-01-27 22:45:51,-6.8844,112.2051,77.99,86,100,9.89
288,Nipawin,CA,2022-01-27 22:45:35,53.3668,-104.0009,5.04,85,100,8.05
289,Kedrovoye,RU,2022-01-27 22:45:51,57.1576,60.5698,0.84,96,68,5.21
290,Yar-Sale,RU,2022-01-27 22:45:51,66.8333,70.8333,0.91,97,100,6.87
291,Airai,TL,2022-01-27 22:45:52,-8.9266,125.4092,64.15,80,100,2.68
292,Shakawe,BW,2022-01-27 22:45:52,-18.3667,21.85,68.58,92,100,5.48
293,Srednekolymsk,RU,2022-01-27 22:45:53,67.45,153.6833,-40.52,99,93,2.68
294,Abu Zabad,SD,2022-01-27 22:45:53,12.35,29.25,60.06,23,1,18.14
295,Grants Pass,US,2022-01-27 22:42:10,42.439,-123.3284,63.28,32,0,0.0
296,Hangu,CN,2022-01-27 22:45:53,39.2489,117.7892,19.44,53,99,5.57
297,Jiaozuo,CN,2022-01-27 22:45:54,35.2397,113.2331,31.06,93,90,2.51
298,Kapuskasing,CA,2022-01-27 22:45:54,49.4169,-82.4331,-3.91,71,75,10.36
299,Margate,GB,2022-01-27 22:45:54,51.3813,1.3862,42.96,82,31,1.99
300,Abu Dhabi,AE,2022-01-27 22:42:47,24.4667,54.3667,66.31,83,0,5.75
301,Iralaya,HN,2022-01-27 22:45:55,15.0,-83.2333,78.24,78,4,8.21
302,Kishtwar,IN,2022-01-27 22:45:56,33.3167,75.7667,21.51,62,0,7.56
303,At-Bashi,KG,2022-01-27 22:45:56,41.1702,75.8106,-8.03,48,0,3.22
304,Port Macquarie,AU,2022-01-27 22:45:56,-31.4333,152.9167,78.89,65,52,6.87
305,Mabaruma,GY,2022-01-27 22:45:57,8.2,-59.7833,72.7,78,41,4.43
306,Quatre Cocos,MU,2022-01-27 22:45:57,-20.2078,57.7625,75.31,70,50,9.1
307,Saldanha,ZA,2022-01-27 22:45:58,-33.0117,17.9442,62.65,85,0,18.57
308,Biak,ID,2022-01-27 22:45:58,-0.9131,122.8766,76.32,85,99,1.5
309,Caravelas,BR,2022-01-27 22:45:58,-17.7125,-39.2481,76.01,87,6,5.12
310,Evensk,RU,2022-01-27 22:45:59,61.95,159.2333,19.36,84,100,37.58
311,Sydney,AU,2022-01-27 22:41:27,-33.8679,151.2073,79.59,70,40,8.99
312,Shimoda,JP,2022-01-27 22:45:59,34.6667,138.95,39.11,67,92,8.63
313,Souillac,MU,2022-01-27 22:46:00,-20.5167,57.5167,75.58,78,20,3.44
314,Sarkand,KZ,2022-01-27 22:46:00,45.41,79.9186,13.95,63,0,7.49
315,Aklavik,CA,2022-01-27 22:46:01,68.2191,-135.0107,-9.4,64,75,9.22
316,Englehart,CA,2022-01-27 22:46:01,47.8169,-79.8664,7.36,66,100,13.33
317,Olinda,BR,2022-01-27 22:42:47,-8.0089,-34.8553,82.13,69,0,3.44
318,Nome,US,2022-01-27 22:47:02,64.5011,-165.4064,-5.73,59,0,4.61
319,Ilebo,CD,2022-01-27 22:47:02,-4.3167,20.5833,71.28,80,15,1.66
320,Swan River,CA,2022-01-27 22:47:02,52.1058,-101.2676,3.09,66,42,16.11
321,Denpasar,ID,2022-01-27 22:44:12,-8.65,115.2167,77.72,88,75,1.14
322,Tateyama,JP,2022-01-27 22:47:03,34.9833,139.8667,43.11,97,99,9.26
323,Nemuro,JP,2022-01-27 22:47:03,43.3236,145.575,20.59,72,42,10.63
324,Marawi,PH,2022-01-27 22:47:03,7.9986,124.2928,63.64,90,87,1.5
325,Molokovo,RU,2022-01-27 22:47:04,58.1661,36.7628,15.49,94,100,11.86
326,Warrnambool,AU,2022-01-27 22:47:04,-38.3833,142.4833,67.8,89,46,6.06
327,Namibe,AO,2022-01-27 22:47:04,-15.1961,12.1522,74.84,82,100,1.48
328,Havelock,US,2022-01-27 22:47:05,34.8791,-76.9013,44.6,59,0,10.36
329,Lubao,PH,2022-01-27 22:47:05,14.9167,120.55,79.14,88,67,2.53
330,Ayagoz,KZ,2022-01-27 22:47:06,47.9714,80.4392,-16.98,99,60,5.39
331,Vestmanna,FO,2022-01-27 22:47:06,62.1564,-7.1664,40.12,81,75,17.27
332,Hede,CN,2022-01-27 22:47:06,33.7681,120.2517,34.14,63,97,10.25
333,Taseyevo,RU,2022-01-27 22:47:07,57.2169,94.8978,-10.53,100,100,1.59
334,Berlevag,NO,2022-01-27 22:47:07,70.8578,29.0864,19.2,86,100,6.73
335,Suratgarh,IN,2022-01-27 22:47:07,29.3167,73.9,51.58,34,0,5.88
336,Solwezi,ZM,2022-01-27 22:47:08,-12.1688,26.3894,60.67,98,100,5.35
337,Constitucion,CL,2022-01-27 22:42:21,-35.3333,-72.4167,62.6,85,18,6.91
338,General Roca,AR,2022-01-27 22:47:08,-39.0333,-67.5833,86.4,21,0,18.54
339,Palana,RU,2022-01-27 22:47:09,59.1167,159.9667,28.85,72,100,17.29
340,Sinnamary,GF,2022-01-27 22:47:09,5.3833,-52.95,76.05,84,85,9.4
341,Khunti,IN,2022-01-27 22:47:09,23.0833,85.2833,50.11,66,0,5.53
342,Gat,IL,2022-01-27 22:47:10,31.61,34.7642,47.08,100,96,11.72
343,Presidencia Roque Saenz Pena,AR,2022-01-27 22:47:10,-26.7852,-60.4388,80.58,57,99,8.52
344,Penukonda,IN,2022-01-27 22:47:10,14.0833,77.5833,65.91,77,95,9.01
345,Varkkallai,IN,2022-01-27 22:47:11,8.7341,76.7067,76.78,78,6,8.52
346,Aguimes,ES,2022-01-27 22:47:11,27.9054,-15.4461,57.83,72,40,8.05
347,Salinopolis,BR,2022-01-27 22:47:11,-0.6136,-47.3561,74.93,95,100,14.56
348,Porto Novo,BJ,2022-01-27 22:47:12,6.4965,2.6036,82.22,84,89,4.74
349,Venkatagiri,IN,2022-01-27 22:47:12,13.9667,79.5833,68.97,91,31,3.4
350,Fort Dodge,US,2022-01-27 22:47:12,42.4975,-94.168,28.74,80,100,11.5
351,Catamarca,AR,2022-01-27 22:47:13,-28.4696,-65.7852,74.05,79,96,5.86
352,Yerofey Pavlovich,RU,2022-01-27 22:47:13,53.9667,121.9667,-9.0,93,99,4.29
353,Pisco,PE,2022-01-27 22:47:13,-13.7,-76.2167,73.45,64,65,26.46
354,Iqaluit,CA,2022-01-27 22:47:14,63.7506,-68.5145,-9.31,76,100,3.0
355,Kalabo,ZM,2022-01-27 22:47:14,-14.97,22.6814,66.24,94,100,4.34
356,Chapais,CA,2022-01-27 22:47:15,49.7834,-74.8492,11.98,97,100,12.01
357,Saint-Augustin,CA,2022-01-27 22:47:15,51.226,-58.6502,-16.37,99,30,3.76
358,Taungdwingyi,MM,2022-01-27 22:47:15,20.0167,95.55,61.2,75,4,2.98
359,Muisne,EC,2022-01-27 22:47:16,0.6,-80.0333,78.91,88,96,2.13
360,Rostovka,RU,2022-01-27 22:47:16,55.3842,71.8891,10.29,95,100,6.02
361,Coquimbo,CL,2022-01-27 22:43:03,-29.9533,-71.3436,65.93,72,20,11.5
362,Aykhal,RU,2022-01-27 22:47:16,66.0,111.5,-13.85,97,60,7.34
363,Middelkerke,BE,2022-01-27 22:47:17,51.1558,2.8418,46.09,86,0,9.22
364,Kaili,ID,2022-01-27 22:47:17,-3.4626,120.2147,68.18,82,100,3.44
365,Belmonte,BR,2022-01-27 22:47:18,-15.8631,-38.8828,79.3,83,38,7.2
366,Indramayu,ID,2022-01-27 22:47:18,-6.3264,108.32,78.64,84,100,7.99
367,Khandwa,IN,2022-01-27 22:43:07,21.8333,76.3333,51.69,48,0,6.55
368,Dubbo,AU,2022-01-27 22:48:18,-32.25,148.6167,73.53,73,100,11.5
369,Cururupu,BR,2022-01-27 22:48:19,-1.8283,-44.8683,72.99,97,100,1.16
370,Clarence Town,AU,2022-01-27 22:48:19,-32.5833,151.7833,82.15,55,0,6.78
371,Killybegs,IE,2022-01-27 22:48:20,54.6333,-8.45,41.45,81,96,6.98
372,Bonthe,SL,2022-01-27 22:48:20,7.5264,-12.505,78.8,81,39,6.58
373,Cantanhede,BR,2022-01-27 22:48:21,-3.6333,-44.3767,73.06,97,100,3.06
374,Puerto Del Rosario,ES,2022-01-27 22:48:21,28.5004,-13.8627,60.48,72,20,6.91
375,Wageningen,NL,2022-01-27 22:48:21,51.9667,5.6667,43.9,89,75,9.22
376,Saint Paul,US,2022-01-27 22:48:22,44.9444,-93.0933,23.47,47,20,13.8
377,Kununurra,AU,2022-01-27 22:44:16,-15.7667,128.7333,80.58,89,40,1.14
378,Mocuba,MZ,2022-01-27 22:48:22,-16.8392,36.9856,72.37,99,100,3.22
379,Nhulunbuy,AU,2022-01-27 22:48:22,-12.2333,136.7667,83.01,78,100,9.22
380,Aripuana,BR,2022-01-27 22:48:23,-9.1667,-60.6333,73.94,88,48,2.06
381,Sidrolandia,BR,2022-01-27 22:48:23,-20.9319,-54.9614,74.19,76,100,2.86
382,La Ciotat,FR,2022-01-27 22:48:24,43.1748,5.6045,37.29,59,41,8.93
383,Lisakovsk,KZ,2022-01-27 22:48:24,52.5369,62.4936,13.26,94,100,4.5
384,Omsukchan,RU,2022-01-27 22:48:24,62.5333,155.8,-9.08,97,100,9.84
385,South Lake Tahoe,US,2022-01-27 22:48:25,38.9332,-119.9844,48.34,27,0,3.44
386,Bunia,CD,2022-01-27 22:48:25,1.5667,30.25,67.24,46,100,3.44
387,The Pas,CA,2022-01-27 22:44:44,53.8251,-101.2541,3.22,60,100,11.5
388,Poum,NC,2022-01-27 22:48:25,-20.2333,164.0167,83.05,73,23,13.73
389,Riyadh,SA,2022-01-27 22:48:26,24.6877,46.7219,53.74,30,0,13.94
390,Nagua,DO,2022-01-27 22:48:26,19.3832,-69.8474,80.65,74,20,13.8
391,Birin,NP,2022-01-27 22:48:27,26.8865,88.0718,37.33,74,6,3.87
392,Roald,NO,2022-01-27 22:48:27,62.5833,6.1333,39.0,56,75,12.66
393,Tigil,RU,2022-01-27 22:48:27,57.8,158.6667,0.61,98,98,2.48
394,Strelka,RU,2022-01-27 22:48:28,58.0728,93.0344,-12.46,100,100,2.42
395,Berdigestyakh,RU,2022-01-27 22:48:28,62.0989,126.6992,-12.84,99,100,2.37
396,San Jose,US,2022-01-27 22:45:01,37.3394,-121.895,70.59,36,0,1.01
397,Alta Floresta,BR,2022-01-27 22:48:28,-9.8756,-56.0861,70.48,97,100,0.78
398,Ust-Kuyga,RU,2022-01-27 22:48:29,70.0167,135.6,-17.43,100,91,8.21
399,Kangaatsiaq,GL,2022-01-27 22:48:29,68.3065,-53.4641,0.0,97,94,13.27
400,Ust-Tsilma,RU,2022-01-27 22:48:29,65.441,52.1498,2.93,96,88,4.27
401,Dhidhdhoo,MV,2022-01-27 22:48:30,6.8833,73.1,79.21,67,32,8.25
402,The Valley,AI,2022-01-27 22:48:30,18.217,-63.0578,78.66,73,20,8.05
403,Bubaque,GW,2022-01-27 22:48:31,11.2833,-15.8333,78.51,69,64,12.26
404,Homer,US,2022-01-27 22:48:31,59.6425,-151.5483,30.07,90,100,8.48
405,Zhigansk,RU,2022-01-27 22:48:31,66.7697,123.3711,-32.51,100,33,3.85
406,Esna,EG,2022-01-27 22:48:32,25.2934,32.554,46.42,47,0,9.53
407,La Ronge,CA,2022-01-27 22:48:32,55.1001,-105.2842,8.85,78,100,3.44
408,Laguna,US,2022-01-27 22:46:35,38.421,-121.4238,67.84,47,0,1.01
409,Yuanping,CN,2022-01-27 22:48:33,38.7153,112.7575,24.82,53,72,4.94
410,Hamilton,US,2022-01-27 22:44:56,39.1834,-84.5333,36.63,67,100,1.99
411,Bardiyah,LY,2022-01-27 22:48:33,31.7561,25.0865,53.2,67,100,8.21
412,Whitehorse,CA,2022-01-27 22:46:35,60.7161,-135.0538,29.01,76,75,18.01
413,Daboh,IN,2022-01-27 22:48:34,26.0025,78.8761,46.98,73,0,6.38
414,Sal Rei,CV,2022-01-27 22:49:34,16.1833,-22.9167,68.56,71,100,20.67
415,Portland,US,2022-01-27 22:49:25,45.5234,-122.6762,54.1,56,0,3.0
416,Kasongo-Lunda,CD,2022-01-27 22:49:34,-6.4667,16.8167,70.66,86,81,1.05
417,Huarmey,PE,2022-01-27 22:49:35,-10.0681,-78.1522,72.82,81,98,10.18
418,Bosaso,SO,2022-01-27 22:49:35,11.2842,49.1816,72.23,71,90,4.47
419,Norsup,VU,2022-01-27 22:49:35,-16.0667,167.3833,79.12,91,99,11.25
420,Bundaberg,AU,2022-01-27 22:49:36,-24.85,152.35,82.22,68,69,3.0
421,Nurota,UZ,2022-01-27 22:49:36,40.5614,65.6886,42.89,21,100,8.03
422,Honningsvag,NO,2022-01-27 22:49:36,70.9821,25.9704,29.8,82,100,5.64
423,Santa Maria,BR,2022-01-27 22:49:37,-29.6842,-53.8069,72.7,83,75,8.05
424,Avera,US,2022-01-27 22:49:37,33.194,-82.5271,52.48,41,1,5.75
425,Alice,US,2022-01-27 22:49:37,27.7523,-98.0697,65.77,54,100,9.22
426,Karatuzskoye,RU,2022-01-27 22:49:38,53.6072,92.8667,6.84,98,100,0.72
427,Atambua,ID,2022-01-27 22:49:17,-9.1061,124.8925,75.83,84,100,1.99
428,Kartuzy,PL,2022-01-27 22:49:38,54.3342,18.1974,36.59,87,75,23.02
429,Itarema,BR,2022-01-27 22:49:39,-2.9248,-39.9167,77.41,81,100,8.75
430,Caruray,PH,2022-01-27 22:49:39,10.3094,119.0128,78.76,87,76,6.24
431,Chiungutwa,TZ,2022-01-27 22:49:39,-10.8833,38.9833,70.07,96,99,2.19
432,Matagami,CA,2022-01-27 22:49:40,49.7502,-77.6328,-3.89,71,75,13.8
433,Manado,ID,2022-01-27 22:49:40,1.487,124.8455,75.97,100,40,1.14
434,Paamiut,GL,2022-01-27 22:49:41,61.994,-49.6678,3.2,89,54,10.4
435,Mayor Pablo Lagerenza,PY,2022-01-27 22:49:41,-19.9309,-60.7718,78.35,79,49,9.53
436,Vila Velha,BR,2022-01-27 22:49:41,-20.3297,-40.2925,80.55,85,0,7.0
437,Merauke,ID,2022-01-27 22:49:42,-8.4667,140.3333,83.07,75,99,5.26
438,Tessalit,ML,2022-01-27 22:49:42,20.1986,1.0114,62.38,22,73,13.22
439,Port Blair,IN,2022-01-27 22:49:42,11.6667,92.75,78.87,76,17,10.51
440,Molina,CL,2022-01-27 22:45:53,-35.1167,-71.2833,76.73,44,0,10.36
441,Ostrovnoy,RU,2022-01-27 22:49:43,68.0531,39.5131,19.36,89,100,10.49
442,Am Timan,TD,2022-01-27 22:49:43,11.0297,20.2827,72.75,22,81,7.29
443,Nikki,BJ,2022-01-27 22:49:44,9.9401,3.2108,73.83,19,1,5.44
444,Sale,MA,2022-01-27 22:49:44,34.0389,-6.8166,58.64,100,97,0.0
445,North Bend,US,2022-01-27 22:49:44,43.4065,-124.2243,57.87,87,0,4.61
446,Doha,QA,2022-01-27 22:47:59,25.2867,51.5333,66.18,70,0,13.8
447,Batagay-Alyta,RU,2022-01-27 22:49:45,67.8006,130.4114,-20.97,92,90,3.09
448,Crown Point,US,2022-01-27 22:49:45,41.417,-87.3653,32.04,74,40,8.05
449,Teknaf,BD,2022-01-27 22:49:45,20.8624,92.3058,60.8,87,9,10.29
450,Hambantota,LK,2022-01-27 22:49:46,6.1241,81.1185,72.59,78,97,11.34
451,Pemangkat,ID,2022-01-27 22:49:46,1.1667,108.9667,76.12,90,100,4.81
452,Intipuca,SV,2022-01-27 22:49:46,13.1969,-88.0544,98.49,50,9,6.42
453,Acara,BR,2022-01-27 22:49:47,-1.9608,-48.1967,72.72,99,100,2.26
454,Novoagansk,RU,2022-01-27 22:49:47,61.9449,76.6625,7.5,94,100,11.03
455,Antofagasta,CL,2022-01-27 22:49:47,-23.65,-70.4,67.28,76,77,6.98
456,Ivanava,BY,2022-01-27 22:49:48,52.1451,25.5365,32.88,96,100,17.65
457,Rapid City,US,2022-01-27 22:46:09,44.0805,-103.231,32.54,78,100,5.01
458,Naze,JP,2022-01-27 22:49:48,28.3667,129.4833,58.12,80,88,9.64
459,Hofn,IS,2022-01-27 22:49:49,64.2539,-15.2082,32.92,89,100,2.42
460,Ustrzyki Dolne,PL,2022-01-27 22:45:14,49.4304,22.5938,31.98,100,100,9.78
461,General Pico,AR,2022-01-27 22:49:49,-35.6566,-63.7568,68.04,59,0,7.23
462,Maceio,BR,2022-01-27 22:49:59,-9.6658,-35.7353,80.04,83,40,4.61
463,Ginda,IN,2022-01-27 22:50:50,30.6945,78.4932,32.14,32,1,6.67
464,Turukhansk,RU,2022-01-27 22:50:50,65.8167,87.9833,-2.45,91,100,14.07
465,Porto Velho,BR,2022-01-27 22:46:04,-8.7619,-63.9039,77.05,94,40,3.44
466,Westport,US,2022-01-27 22:50:26,41.1415,-73.3579,31.8,69,75,11.99
467,Teguldet,RU,2022-01-27 22:50:51,57.3064,88.1667,-12.05,100,85,2.98
468,College,US,2022-01-27 22:50:51,64.8569,-147.8028,-5.42,75,75,0.0
469,San Juan,AR,2022-01-27 22:50:51,-31.5375,-68.5364,73.67,62,59,4.38
470,Akureyri,IS,2022-01-27 22:50:52,65.6835,-18.0878,35.53,69,75,11.5
471,Kamskiye Polyany,RU,2022-01-27 22:50:52,55.4307,51.4171,9.41,100,95,4.47
472,Okha,RU,2022-01-27 22:50:53,53.5739,142.9478,-13.99,98,37,12.03
473,Filingue,NE,2022-01-27 22:50:53,14.3521,3.3168,68.0,18,1,10.74
474,Puerto Montt,CL,2022-01-27 22:50:53,-41.4698,-72.9447,79.63,50,0,10.36
475,Kharan,PK,2022-01-27 22:50:54,28.5833,65.4167,51.91,24,0,3.06
476,Gobabis,NA,2022-01-27 22:50:54,-22.45,18.9667,72.9,46,49,8.01
477,Peniche,PT,2022-01-27 22:50:54,39.3558,-9.3811,56.68,62,2,10.33
478,Alice Springs,AU,2022-01-27 22:50:55,-23.7,133.8833,80.15,65,86,11.5
479,Chapayevka,UA,2022-01-27 22:50:55,47.4711,36.3451,13.5,97,73,6.8
480,Vao,NC,2022-01-27 22:50:55,-22.6667,167.4833,79.43,83,72,18.7
481,Santa Fe,AR,2022-01-27 22:50:56,-31.6333,-60.7,75.99,56,71,5.01
482,Micheweni,TZ,2022-01-27 22:50:56,-4.9667,39.8333,78.31,76,27,8.57
483,Reconquista,AR,2022-01-27 22:50:56,-29.15,-59.65,76.98,39,6,12.01
484,Alyangula,AU,2022-01-27 22:50:57,-13.8483,136.4192,84.07,84,100,10.36
485,Rincon,US,2022-01-27 22:47:05,32.296,-81.2354,53.56,26,20,9.22
486,Teya,RU,2022-01-27 22:50:57,60.3778,92.6267,-11.58,100,97,3.06
487,Mujiayingzi,CN,2022-01-27 22:50:58,42.1167,118.7833,7.21,57,0,6.93
488,Dongsheng,CN,2022-01-27 22:50:58,39.8161,109.9776,13.64,39,50,4.63
489,Grindavik,IS,2022-01-27 22:50:58,63.8424,-22.4338,39.67,93,100,23.02
490,Santa Rosa,PH,2022-01-27 22:50:59,14.3122,121.1114,80.1,80,42,6.51
491,Oranjemund,NA,2022-01-27 22:50:59,-28.55,16.4333,64.71,88,43,15.48
492,Paita,PE,2022-01-27 22:50:59,-5.0892,-81.1144,72.86,81,41,13.67
493,Ulladulla,AU,2022-01-27 22:51:00,-35.35,150.4667,78.1,61,1,10.6
494,Laguna De Perlas,NI,2022-01-27 22:51:00,12.3429,-83.6712,82.49,78,32,11.63
495,Valentin Gomez Farias,MX,2022-01-27 22:51:00,28.2167,-106.5833,67.71,11,91,13.8
496,Parauna,BR,2022-01-27 22:51:01,-16.9478,-50.4486,69.98,93,76,6.13
497,Codrington,AU,2022-01-27 22:51:01,-38.2667,141.9667,69.4,83,30,6.55
498,Bergerac,FR,2022-01-27 22:51:01,44.8333,0.5,31.77,100,75,6.91
499,Ahipara,NZ,2022-01-27 22:51:02,-35.1667,173.1667,74.01,53,3,12.88
500,Hasaki,JP,2022-01-27 22:51:02,35.7333,140.8333,36.0,69,100,7.43
501,Mexicali,MX,2022-01-27 22:51:03,32.6519,-115.4683,72.09,18,0,10.18
502,Sioux Lookout,CA,2022-01-27 22:51:03,50.1001,-91.917,1.78,65,20,10.36
503,Shimanovsk,RU,2022-01-27 22:51:03,52.0,127.7,-6.88,88,42,8.63
504,Kurumkan,RU,2022-01-27 22:51:04,54.3,110.3,-15.48,94,62,3.27
505,Oranjestad,AW,2022-01-27 22:51:04,12.524,-70.027,80.55,69,40,14.97
506,Victoria,HK,2022-01-27 22:48:31,22.2855,114.1577,67.17,86,77,5.99
507,Nuuk,GL,2022-01-27 22:51:04,64.1835,-51.7216,3.22,80,100,8.25
508,Bitburg,DE,2022-01-27 22:51:05,49.9667,6.5333,40.48,78,20,6.91
509,Mehran,IR,2022-01-27 22:51:05,33.1222,46.1646,45.88,53,16,1.61
510,Ixtapa,MX,2022-01-27 22:52:06,20.7,-105.2,75.22,82,46,7.0
511,Banda Aceh,ID,2022-01-27 22:52:06,5.5577,95.3222,77.77,84,68,4.99
512,Kungurtug,RU,2022-01-27 22:52:06,50.5994,97.5228,-16.53,97,100,1.45
513,Russell,US,2022-01-27 22:52:07,32.3502,-85.1999,58.28,38,0,4.61
514,Manakara,MG,2022-01-27 22:52:07,-22.1333,48.0167,73.58,73,70,2.82
515,Tazovskiy,RU,2022-01-27 22:52:07,67.4667,78.7,6.01,90,100,16.35
516,Kieta,PG,2022-01-27 22:52:08,-6.2167,155.6333,84.06,69,99,1.07
517,High Level,CA,2022-01-27 22:52:08,58.5169,-117.136,21.31,86,100,8.05
518,Barao De Melgaco,BR,2022-01-27 22:52:08,-16.1944,-55.9675,79.32,98,100,4.92
519,Huancabamba,PE,2022-01-27 22:52:09,-5.2386,-79.4506,59.58,96,96,5.46
520,Sandominic,RO,2022-01-27 22:52:09,46.584,25.7803,21.79,98,100,4.65
521,Soyo,AO,2022-01-27 22:52:09,-6.1349,12.3689,78.39,86,57,1.79
522,Athabasca,CA,2022-01-27 22:52:10,54.7169,-113.2854,25.48,92,86,2.57
523,Lata,PT,2022-01-27 22:52:10,40.1629,-8.3327,47.05,75,0,4.34
524,Corn Island,NI,2022-01-27 22:52:10,12.1694,-83.0418,80.11,73,37,14.72
525,Farafangana,MG,2022-01-27 22:52:11,-22.8167,47.8333,73.94,71,62,4.47
526,Wajid,SO,2022-01-27 22:52:11,3.8093,43.2471,77.61,30,61,11.3
527,Nebolchi,RU,2022-01-27 22:52:11,59.1239,33.3454,21.42,93,100,9.93
528,Bull Savanna,JM,2022-01-27 22:52:12,17.8868,-77.5902,74.46,79,52,2.8
529,Namatanai,PG,2022-01-27 22:52:12,-3.6667,152.4333,83.84,72,66,4.74
530,Sechura,PE,2022-01-27 22:52:13,-5.5569,-80.8222,76.41,69,50,16.82
531,Bati,ET,2022-01-27 22:52:13,11.1833,40.0167,61.45,44,29,3.69
532,Luneville,FR,2022-01-27 22:52:13,48.6,6.5,37.29,92,100,9.37
533,Ganzhou,CN,2022-01-27 22:51:02,28.8184,115.4327,39.43,93,100,5.86
534,Taranto,IT,2022-01-27 22:52:14,40.6167,17.25,42.17,84,54,1.99
535,Joniskelis,LT,2022-01-27 22:52:14,56.0253,24.1689,36.55,97,100,16.37
536,Tadine,NC,2022-01-27 22:52:14,-21.55,167.8833,82.2,78,98,21.41
537,Padang,ID,2022-01-27 22:52:15,-0.9492,100.3543,76.01,87,98,3.76
538,Taltal,CL,2022-01-27 22:52:15,-25.4,-70.4833,68.25,73,1,6.49
539,Araouane,ML,2022-01-27 22:52:15,18.9048,-3.5265,67.42,15,77,11.32
540,Richards Bay,ZA,2022-01-27 22:52:16,-28.783,32.0377,77.11,84,1,13.76
541,Mogadishu,SO,2022-01-27 22:52:16,2.0371,45.3438,76.77,79,100,16.35
542,Isilkul,RU,2022-01-27 22:52:17,54.9109,71.2728,10.98,95,100,5.61
543,Nanortalik,GL,2022-01-27 22:52:17,60.1432,-45.2371,13.73,77,54,11.99
544,Lodja,CD,2022-01-27 22:52:17,-3.4833,23.4333,70.38,86,100,2.51
545,Gizo,SB,2022-01-27 22:52:18,-8.103,156.8419,79.79,82,100,12.66
546,Krasnoselkup,RU,2022-01-27 22:52:18,65.7,82.4667,1.33,91,100,17.31
547,Dromolaxia,CY,2022-01-27 22:52:18,34.8761,33.586,42.67,65,40,5.75
548,Balakirevo,RU,2022-01-27 22:52:19,56.5059,38.8432,9.34,95,100,11.45
549,Dudinka,RU,2022-01-27 22:52:19,69.4058,86.1778,4.62,90,100,26.78
550,Kristianstad,SE,2022-01-27 22:52:19,56.0313,14.1524,41.85,89,20,4.0
551,Itoman,JP,2022-01-27 22:52:20,26.1247,127.6694,64.42,92,20,4.61
552,Victor Harbor,AU,2022-01-27 22:52:20,-35.5667,138.6167,75.79,78,39,1.01
553,Mangan,IN,2022-01-27 22:52:20,27.5167,88.5333,42.28,48,12,7.02
554,Consuegra,ES,2022-01-27 22:52:21,39.4625,-3.608,41.14,69,3,8.37
555,Chardara,KZ,2022-01-27 22:52:21,41.2547,67.9692,41.76,38,100,8.55
556,Kysyl-Syr,RU,2022-01-27 22:52:21,63.8986,122.7617,-22.65,100,35,3.98
557,Boshnyakovo,RU,2022-01-27 22:52:22,49.6333,142.1667,2.39,82,88,4.03
558,Praia,CV,2022-01-27 22:49:30,14.9215,-23.5087,70.34,68,75,21.85
559,Laibin,CN,2022-01-27 22:53:22,23.7,109.2667,50.56,83,100,8.95
560,Buta,CD,2022-01-27 22:53:23,2.7858,24.73,71.2,47,85,0.54
561,Valdivia,CL,2022-01-27 22:53:23,-39.8142,-73.2459,84.29,60,0,4.7
562,Eenhana,NA,2022-01-27 22:53:23,-17.4667,16.3333,78.55,54,82,3.31
563,Sterling,US,2022-01-27 22:53:24,39.0062,-77.4286,34.57,52,40,7.0
564,Sao Felix Do Xingu,BR,2022-01-27 22:53:24,-6.6447,-51.995,71.71,99,100,1.59
